Afghanistan,Kabul
Andorra,Andorra la Vella
Angola,Huambo
Angola,Luanda
Antigua and Barbuda,St. John's
Argentina,Buenos Aires
Argentina,Trelew
Argentina,RÃ_o Gallegos
Argentina,Rosario
Argentina,Comodoro Rivadavia
Argentina,Esperanza
Argentina,San Miguel de TucumÃ¡n
Argentina,Mendoza
Armenia,Yerevan
Australia,Geelong
Australia,Mandurah
Australia,Cairns
Australia,Adelaide
Australia,Darwin
Australia,Sydney
Australia,Perth
Australia,Port Hedland
Australia,Wollongong
Australia,Rockhampton
Australia,Melbourne
Austria,Innsbruck
Austria,Linz
Austria,Vienna
Azerbaijan,Baku
Bahamas,Nassau
Bangladesh,Chittagong
Bangladesh,Dhaka
Barbados,Bridgetown
Belgium,Ghent
Belgium,Antwerp
Belize,Belmopan
Bhutan,Thimphu
Bolivia,La Paz
Bolivia,Santa Cruz de la Sierra
Bolivia,Sucre
Bosnia,Sarajevo
Botswana,Francistown
Botswana,Gaborone
Brazil,Palmas
Brazil,SÃ£o Paulo
Brazil,Fortaleza
Brazil,Boa Vista
Brazil,Teresina
Brazil,Juazeiro do Norte
Brazil,Fernando de Noronha
Brazil,Sobral
Brazil,CuiabÃ¡
Brazil,Garanhuns
Brazil,Rio de Janeiro
Brazil,SÃ£o JosÃ© do Rio Preto
Brazil,BelÃ©m
Brazil,Salvador
Brazil,Campina Grande
Brazil,Imperatriz
Brazil,MaceiÃ_
Brazil,SÃ£o JosÃ© dos Campos
Brazil,IlhÃ©us
Brazil,JoÃ£o Pessoa
Brazil,Petrolina
Brazil,MacapÃ¡
Brazil,Recife
Brazil,Campo Grande
Brazil,SÃ£o LuÃ_s
Brazil,Assis
Bulgaria,Sofia
Burkina Faso,Bobo-Dioulasso
Burkina Faso,Ouagadougou
Cambodia,Siem Reap
Canada,Regina
Canada,Grise Fiord
Canada,North Bay
Canada,Grande Prairie
Canada,Charlottetown
Canada,Ottawa
Canada,Yellowknife
Canada,Winnipeg
Canada,Toronto
Canada,Montreal
Canada,Saskatoon
Canada,Kamloops
Canada,Fort McMurray
Canada,Whitehorse
Canada,Quebec City
Canada,Calgary
Chad,Moundou
Chile,Valdivia
Chile,Iquique
Chile,Hanga Roa
Chile,Puerto AisÃ©n
Chile,CopiapÃ_
Chile,ValparaÃ_so
Chile,Arica
Chile,La Serena
Chile,ConcepciÃ_n
China,Chengdu
China,Zhengzhou
China,Shanghai
China,Shenyang
China,Tianjin
China,Handan
China,Xi'an
China,Changchun
China,Hong Kong
China,Shenzhen
China,Shijiazhuang
China,Qingdao
China,Lhasa
China,Qiqihar
Colombia,Santiago de Cali
Costa Rica,Alajuela
Costa Rica,San JosÃ©
Costa Rica,Limon
Croatia,Split
Cuba,Havana
Cuba,Santiago de Cuba
Denmark,TÃ_rshavn
Denmark,Aarhus
Denmark,Odense
Denmark,Esbjerg
Denmark,Qaanaaq
Denmark,Nuuk (GodthÃ¥b)
Dominica,Roseau
Ecuador,Guayaquil
Ecuador,Quito
Egypt,Port Said
Egypt,Cairo
Egypt,Alexandria
Egypt,Suez
El Salvador,San Salvador
Estonia,Tallinn
Fiji,Labasa
Fiji,Rabi Island
Finland,Oulu
Finland,Kemi
Finland,Kuopio
Finland,Helsinki
Finland,PudasjÃ_rvi
Finland,Utsjoki
Finland,JyvÃ_skylÃ_
France,Lyon
France,Mata-Utu
France,Cayenne
France,Saint-Denis
France,Marseille
France,Saint-Pierre
France,Fort-de-France
France,Bordeaux
France,Toulouse
France,Nantes
Gambia,Brikama
Gambia,Banjul
Georgia,Tbilisi
Germany,DÃ_sseldorf
Germany,Hannover
Germany,Hamburg
Germany,Cologne
Germany,Kiel
Germany,Stuttgart
Germany,Frankfurt am Main
Germany,Bremen
Ghana,Tamale
Greece,Thessaloniki
Greece,Heraklion
Guatemala,Quetzaltenango
Guinea,NzÃ©rÃ©korÃ©
Guinea-Bissau,Bissau
Honduras,Tegucigalpa
Hungary,Budapest
Iceland,Akureyri
India,Kulpahar
India,Bangalore
India,Agartala
India,Dibrugarh
India,Hyderabad
India,Agra
India,Ahmedabad
India,Pune
India,Ludhiana
India,Nagpur
India,Patna
India,Guwahati
India,Kanpur
India,Trivandrum
India,Mumbai
India,Kochi
India,Port Blair
India,Lucknow
India,Chandigarh
India,Tezpur
India,Siliguri
Indonesia,Medan
Indonesia,Palembang
Indonesia,Jayapura
Indonesia,Semarang
Indonesia,Pontianak
Indonesia,Jakarta
Indonesia,Banda Aceh
Indonesia,Balikpapan
Indonesia,Malang
Iran,Isfahan
Iraq,Basra
Iraq,Arbil
Iraq,Kirkuk
Ireland,Dublin
Ireland,Cork
Italy,Turin
Italy,Rome
Italy,Catania
Italy,Bologna
Italy,Milan
Italy,Palermo
Italy,Messina
Japan,Tottori
Japan,Nemuro
Japan,Asahikawa
Japan,Fukushima
Japan,Niigata
Japan,Tsu
Japan,Sapporo
Japan,Akita
Japan,Okayama
Japan,Shizuoka
Japan,Kushiro
Japan,Kumamoto
Japan,Saga
Japan,Yokohama
Japan,Chiba
Japan,Matsuyama
Japan,Toyama
Japan,Yamaguchi
Japan,Nagano
Japan,Kawasaki
Japan,Wakkanai
Japan,KÅçfu
Japan,KÅçbe
Japan,Maebashi
Japan,ÅŒtsu
Japan,Hakodate
Japan,Nara
Japan,KÅçchi
Japan,Nagasaki
Japan,Morioka
Kazakhstan,Astana
Latvia,Riga
Libya,Sabha
Libya,Benghazi
Libya,Tripoli
Luxembourg,Luxembourg
Madagascar,Antananarivo
Malawi,Lilongwe
Malaysia,George Town
Malaysia,Kota Bharu
Malaysia,Kuala Lumpur
Malaysia,Kuching
Malaysia,Malacca Town
Maldives,MalÃ©
Mali,Bamako
Mali,Koulikoro
Malta,Valletta
Maluku,Ambon
Marshall Islands,Majuro
Mexico,Zapopan
Mexico,Ensenada
Mexico,QuerÃ©taro
Mexico,Acapulco
Mexico,Mexico City Mexico City
Mexico,CancÃºn
Mexico,CuliacÃ¡n
Mexico,LeÃ_n
Mexico,Mexicali
Mexico,Chihuahua
Mexico,MÃ©rida
Mexico,Hermosillo
Moldova,Tiraspol
Mongolia,Ulan Bator
Montenegro,Podgorica
Morocco,Marrakech
Mozambique,Maputo
Namibia,Windhoek
Netherlands,Maastricht
Netherlands,Utrecht
Netherlands,Oranjestad
Netherlands,Haarlem
Netherlands,Leiden
Netherlands,Groningen
New Zealand,Invercargill
New Zealand,Wellington
New Zealand,Alofi
New Zealand,Christchurch
Nicaragua,Chinandega
Nicaragua,Managua
Nigeria,Benin City
North Korea,Kaesong
North Korea,Pyongyang
Norway,Sarpsborg
Norway,Longyearbyen
Norway,TromsÃ¸
Norway,Oslo
Norway,HonningsvÃ¥g
Norway,Trondheim
Norway,Hammerfest
Norway,VadsÃ¸
Pakistan,Lahore
Pakistan,Rawalpindi
Pakistan,Islamabad
Pakistan,Faisalabad
Palau,Melekeok
Palestine,Gaza
Papua New Guinea,Port Moresby
Paraguay,AsunciÃ_n
Peru,Lima
Peru,Arequipa
Peru,Cusco
Peru,Iquitos
Philippines,Zamboanga City
Philippines,Iloilo City
Philippines,Makati
Philippines,Manila
Philippines,Davao City
Philippines,Quezon City
Poland,PoznaÅ„
Poland,GdaÅ„sk
Poland,Gdynia
Portugal,Flores Island
Portugal,Funchal
Portugal,Ponta Delgada
Portugal,Porto
Qatar,Doha
Romania,Craiova
Russia,Vladivostok
Russia,Perm
Russia,Voronezh
Russia,Saint Petersburg
Russia,Ufa
Russia,Chelyabinsk
Russia,Izhevsk
Russia,Sochi
Russia,Krasnodar
Russia,Magadan
Russia,Kaliningrad
Russia,Verkhoyansk
Russia,Murmansk
Russia,Tolyatti
Russia,Dikson
Russia,Moscow
Russia,Yakutsk
Russia,Anadyr
Saint Kitts and Nevis,Basseterre
Saudi Arabia,Dammam
Saudi Arabia,Medina
Senegal,ThiÃ¨s
Serbia,Å abac
Serbia,Novi Sad
Seychelles,Victoria
Sierra Leone,Freetown
Slovakia,Bratislava
Somalia,Mogadishu
Somalia,Kismayo
Somalia,Hargeisa
South Africa,Nelspruit
South Africa,Bloemfontein
South Africa,Kimberley
South Africa,Cape Town
South Africa,Pietermaritzburg
South Africa,Port Elizabeth
South Korea,Daegu
South Korea,Seoul
South Korea,Busan
South Sudan,Juba
Spain,Ibiza
Spain,Sevilla
Spain,Las Palmas de Gran Canaria
Spain,Barcelona
Spain,San SebastiÃ¡n
Spain,Santa Cruz de Tenerife
Sri Lanka,Batticaloa
Sri Lanka,Colombo
Sri Lanka,Kandy
Sudan,Khartoum
Swaziland,Lobamba
Swaziland,Manzini
Sweden,Ã–stersund
Sweden,Ã–rnskÃ¶ldsvik
Sweden,Haparanda
Sweden,Kiruna
Sweden,Boden
Sweden,MalmÃ¶
Sweden,LuleÃ¥
Switzerland,Basel
Switzerland,Bern
Syria,Latakia
Taiwan,Taibei
Taiwan,Tainan
Tajikistan,Dushanbe
Tanzania,Dodoma
Tanzania,Zanzibar City
Thailand,Pattaya
Thailand,Surat Thani
Thailand,Nakhon Ratchasima
Thailand,Hat Yai
Thailand,Ayutthaya
Timor-Leste,Dili
Tonga,NukuÊ»alofa
Trinidad and Tobago,Chaguanas
Turkey,Eskisehir
Turkey,Gaziantep
Turkey,Istanbul
Turkmenistan,Ashgabat
Tuvalu,Nukulaelae
Uganda,Entebbe
United Arab Emirates,Abu Dhabi
United Kingdom,Jamestown
United Kingdom,Coventry
United Kingdom,Grytviken
United Kingdom,Nottingham
United Kingdom,Glasgow
United Kingdom,Birmingham
United Kingdom,Oxford
United Kingdom,Bath
United Kingdom,Bristol
United Kingdom,Gloucester
United Kingdom,George Town
United Kingdom,London
United Kingdom,The Valley
United Kingdom,Portsmouth
United Kingdom,Plymouth
United Kingdom,Douglas
United Kingdom,Gibraltar
United Kingdom,Rothera
United Kingdom,Cockburn Town
United Kingdom,Derby
United Kingdom,Swansea
United Kingdom,Newcastle upon Tyne
United Kingdom,Hamilton
United Kingdom,Aberdeen
United Kingdom,Norwich
United Kingdom,Bradford
United States,El Paso
United States,Dover
United States,Boise
United States,Rochester
United States,Kansas City
United States,Salt Lake City
United States,Seattle
United States,Cleveland
United States,Knoxville
United States,Houston
United States,Orlando
United States,Cheyenne
United States,Dededo
United States,Deadhorse
United States,Detroit
United States,Philadelphia
United States,Trenton
United States,Barrow
United States,Sacramento
United States,Nashville
United States,Charlotte
United States,Riverside
United States,Los Angeles
United States,Charleston
United States,Boston
United States,Tulsa
United States,Pierre
United States,Birmingham
United States,Bismarck
United States,Hartford
United States,Hilo
United States,Wichita
United States,Columbus
United States,Providence
United States,Sitka
United States,New Orleans
United States,Pago Pago
United States,Lincoln
United States,Adak
United States,Charlotte Amalie
United States,Pittsburgh
United States,Jacksonville
United States,Little Rock
United States,Minneapolis
United States,San Antonio
United States,Helena
United States,Springfield
United States,Baltimore
United States,Tampa
United States,Tucson
United States,Anchorage
Vanuatu,Port Vila
Venezuela,Caracas
Venezuela,Maracay
Venezuela,Maracaibo
Vietnam,Hai Phong
Zambia,Ndola
Zimbabwe,Harare
